project,listing_id,price,size_sqft,block_address,check,url
The Criterion,500212712,1430000,1023,7 Yishun Street 51,,https://www.propertyguru.com.sg/listing/for-sale-the-criterion-500212712
The Criterion,500207742,1449999,1023,1 Yishun Street 51,,https://www.propertyguru.com.sg/listing/for-sale-the-criterion-500207742
The Criterion,500229851,1450000,1033,7 Yishun Street 51,,https://www.propertyguru.com.sg/listing/for-sale-the-criterion-500229851
The Criterion,500107124,1500000,1098,Yishun Street 51,high floor; south facing,https://www.propertyguru.com.sg/listing/for-sale-the-criterion-500107124
Sol Acres,500267374,1599000,1044,Choa Chu Kang Grove,,https://www.propertyguru.com.sg/listing/for-sale-sol-acres-500267374
The Visionaire,500139384,1538000,1023,Canberra Drive,,https://www.propertyguru.com.sg/listing/for-sale-the-visionaire-500139384
Westwood Residences,500264493,1450000,1033,Westwood Avenue,,https://www.propertyguru.com.sg/listing/for-sale-westwood-residences-ec-500264493
Westwood Residences,500255283,1480000,1034,Westwood Avenue,,https://www.propertyguru.com.sg/listing/for-sale-westwood-residences-ec-500255283
Westwood Residences,500276758,1498000,1033,Westwood Avenue,,https://www.propertyguru.com.sg/listing/for-sale-westwood-residences-ec-500276758
Westwood Residences,500225608,1549999,1033,Westwood Avenue,,https://www.propertyguru.com.sg/listing/for-sale-westwood-residences-ec-500225608
The Terrace,500234857,1580000,1001,Edgedale Plains,,https://www.propertyguru.com.sg/listing/for-sale-the-terrace-500234857
The Terrace,500138110,1580000,1001,88 Edgedale Plains,same price/size as 500234857 - may be the same unit,https://www.propertyguru.com.sg/listing/for-sale-the-terrace-500138110
Northwave,500112362,1360000,1098,111 Woodlands View,,https://www.propertyguru.com.sg/listing/for-sale-northwave-ec-500112362
Northwave,60175231,1500000,1097,Woodlands Avenue 12,older listing ID - may be stale,https://www.propertyguru.com.sg/listing/for-sale-northwave-ec-60175231
Bellewoods,500165618,1490000,1066,Woodlands Avenue 5,,https://www.propertyguru.com.sg/listing/for-sale-bellewoods-500165618
Parc Life,500158569,1450000,1066,33 Sembawang Crescent,,https://www.propertyguru.com.sg/listing/for-sale-parc-life-500158569
Parc Life,500214081,1499999,1066,25 Sembawang Crescent,,https://www.propertyguru.com.sg/listing/for-sale-parc-life-500214081
Parc Life,500073244,1508888,1066,25 Sembawang Crescent,,https://www.propertyguru.com.sg/listing/for-sale-parc-life-500073244
Parc Life,500076102,1548888,1066,29 Sembawang Crescent,,https://www.propertyguru.com.sg/listing/for-sale-parc-life-500076102
Parc Life,60080826,1570000,1109,31 Sembawang Crescent,older listing ID - may be stale,https://www.propertyguru.com.sg/listing/for-sale-parc-life-60080826
Signature at Yishun,500040599,1300000,1098,Yishun Street 51,size matched from search summary,https://www.propertyguru.com.sg/listing/for-sale-signature-at-yishun-500040599
Signature at Yishun,500006219,1340000,1098,Yishun Street 51,size matched from search summary,https://www.propertyguru.com.sg/listing/for-sale-signature-at-yishun-500006219
Signature at Yishun,500275548,1600000,1098,Yishun Street 51,size matched from search summary,https://www.propertyguru.com.sg/listing/for-sale-signature-at-yishun-500275548
Lake Life,500033581,1491300,1023,Tao Ching Road,,https://www.propertyguru.com.sg/listing/for-sale-lake-life-500033581
Lake Life,25567279,1500000,1033,2 Tao Ching Road,older listing ID - may be stale,https://www.propertyguru.com.sg/listing/for-sale-lake-life-25567279
Lake Life,60132621,1580000,1023,Tao Ching Road,older listing ID - may be stale,https://www.propertyguru.com.sg/listing/for-sale-lake-life-60132621
Sea Horizon,500090163,1388000,1098,Pasir Ris Rise,,https://www.propertyguru.com.sg/listing/for-sale-sea-horizon-500090163
Sea Horizon,500229700,1400000,1109,23 Pasir Ris Rise,,https://www.propertyguru.com.sg/listing/for-sale-sea-horizon-500229700
Sea Horizon,500207797,1450000,1109,5 Pasir Ris Rise,,https://www.propertyguru.com.sg/listing/for-sale-sea-horizon-500207797
Sea Horizon,500100852,1550000,1066,1 Pasir Ris Rise,,https://www.propertyguru.com.sg/listing/for-sale-sea-horizon-500100852
The Amore,500196584,1530000,1001,53 Edgedale Plains,,https://www.propertyguru.com.sg/listing/for-sale-the-amore-500196584
The Amore,24007923,1510000,1001,53A Edgedale Plains,older listing ID - may be stale,https://www.propertyguru.com.sg/listing/for-sale-the-amore-24007923
Twin Fountains,500070595,1360000,1055,Woodlands Avenue 6,,https://www.propertyguru.com.sg/listing/for-sale-twin-fountains-500070595
Twin Fountains,25542447,1360000,1163,Woodlands Avenue 6,older listing ID - may be stale,https://www.propertyguru.com.sg/listing/for-sale-twin-fountains-25542447
Twin Fountains,60216211,1399999,1033,Woodlands Avenue 6,older listing ID - may be stale,https://www.propertyguru.com.sg/listing/for-sale-twin-fountains-60216211
Twin Fountains,60221142,1460000,1152,Woodlands Avenue 6,older listing ID - may be stale,https://www.propertyguru.com.sg/listing/for-sale-twin-fountains-60221142
Twin Fountains,60107150,1550000,1152,Woodlands Avenue 6,older listing ID - may be stale,https://www.propertyguru.com.sg/listing/for-sale-twin-fountains-60107150
Twin Fountains,500231540,1588000,1152,Woodlands Avenue 6,,https://www.propertyguru.com.sg/listing/for-sale-twin-fountains-500231540
Twin Fountains,500211452,1598000,1270,Woodlands Avenue 6,,https://www.propertyguru.com.sg/listing/for-sale-twin-fountains-500211452
Forestville,25455664,1280000,1066,38 Woodlands Drive 16,older listing ID - may be stale,https://www.propertyguru.com.sg/listing/for-sale-forestville-25455664
Forestville,500213788,1290000,1033,22 Woodlands Drive 16,,https://www.propertyguru.com.sg/listing/for-sale-forestville-500213788
Forestville,500210303,1300000,1066,38 Woodlands Drive 16,,https://www.propertyguru.com.sg/listing/for-sale-forestville-500210303
Forestville,500073495,1300000,1033,Woodlands Drive 16,high floor,https://www.propertyguru.com.sg/listing/for-sale-forestville-500073495
Forestville,500234193,1330000,1087,20 Woodlands Drive 16,,https://www.propertyguru.com.sg/listing/for-sale-forestville-500234193
Forestville,25362802,1508888,1348,Woodlands Drive 16,older listing ID - may be stale,https://www.propertyguru.com.sg/listing/for-sale-forestville-25362802
Ecopolitan,500222082,1600000,1054,Punggol Walk,,https://www.propertyguru.com.sg/listing/for-sale-ecopolitan-500222082
The Topiary,500240724,1600000,1087,Fernvale Lane,price from June's live check 30 Sep; size to confirm,https://www.propertyguru.com.sg/listing/for-sale-the-topiary-500240724
The Topiary,500104027,1600000,1087,11 Fernvale Lane,price from June's live check 30 Sep (search index showed $1.65M),https://www.propertyguru.com.sg/listing/for-sale-the-topiary-500104027
The Topiary,500229235,1600000,1044,21 Fernvale Lane,from June's links; search index showed $1.638M - confirm price,https://www.propertyguru.com.sg/listing/for-sale-the-topiary-500229235
Parc Life,500268300,1450000,1001,Sembawang Crescent,corner unit,https://www.propertyguru.com.sg/listing/for-sale-parc-life-500268300
Parc Life,500257739,1569000,1109,Sembawang Crescent,mid floor,https://www.propertyguru.com.sg/listing/for-sale-parc-life-500257739
Sea Horizon,500223553,1550000,1152,Pasir Ris Rise,,https://www.propertyguru.com.sg/listing/for-sale-sea-horizon-500223553
Sea Horizon,500270682,1580000,1130,Pasir Ris Rise,,https://www.propertyguru.com.sg/listing/for-sale-sea-horizon-500270682
Sol Acres,500235197,1599000,1066,Choa Chu Kang Grove,low floor; pool view,https://www.propertyguru.com.sg/listing/for-sale-sol-acres-500235197
Twin Fountains,60145981,1360000,1055,11 Woodlands Avenue 6,older listing ID; price seen as $1.36M and $1.5M - confirm,https://www.propertyguru.com.sg/listing/for-sale-twin-fountains-60145981
